[
    {
        "url": "https://guesseu.scene7.com/is/image/GuessEU/M63H24W7JF0-L302-ALTGHOST?wid=1500&fmt=jpeg&qlt=80&op_sharpen=0&op_usm=1.0,1.0,5,0&iccEmbed=0",
        "ProductName": "SHIRT",
        "price": 110,
        "description" : "Nice Shirt",
        "website" : "Amazon"
    },
    {
        "url": "https://guesseu.scene7.com/is/image/GuessEU/FLGLO4FAL12-BEIBR?wid=700&amp;fmt=jpeg&amp;qlt=80&amp;op_sharpen=0&amp;op_usm=1.0,1.0,5,0&amp;iccEmbed=0",
        "ProductName": "GLORIA HIGH LOGO SNEAKER",
        "price": 91,
        "description" : "Nice Shoes",
        "website" : "Paytm"
    },
    {
        "url": "https://guesseu.scene7.com/is/image/GuessEU/HWVG6216060-TAN?wid=700&amp;fmt=jpeg&amp;qlt=80&amp;op_sharpen=0&amp;op_usm=1.0,1.0,5,0&amp;iccEmbed=0",
        "ProductName": "CATE RIGID BAG",
        "price": 94.5,
        "description" : "Nice Bag",
        "website" : "Ajio"
    },
    {
        "url": "http://guesseu.scene7.com/is/image/GuessEU/WC0001FMSWC-G5?wid=520&fmt=jpeg&qlt=80&op_sharpen=0&op_usm=1.0,1.0,5,0&iccEmbed=0",
        "productName": "GUESS CONNECT WATCH",
        "price": 438.9,
        "description" : "Classic Watch",
        "website" : "Flipkart"
    },
    {
        "url": "https://guesseu.scene7.com/is/image/GuessEU/AW6308VIS03-SAP?wid=700&amp;fmt=jpeg&amp;qlt=80&amp;op_sharpen=0&amp;op_usm=1.0,1.0,5,0&amp;iccEmbed=0",
        "productName": "'70s RETRO GLAM KEFIAH",
        "price": 20,
        "description" : "Nice Kefiah",
        "website" : "Amazon"
    }
]
