
   [
    {
      "webUrl": "https://www.flipkart.com/fastrack-ng1474sm01-party-analog-watch-men/p/itmf3zhmh8zffgce?pid=WATD9H76ZV3XUURP&lid=LSTWATD9H76ZV3XUURP0XRY9W&marketplace=FLIPKART&srno=s_1_3&otracker=AS_QueryStore_OrganicAutoSuggest_0_2_na_na_pr&otracker1=AS_QueryStore_OrganicAutoSuggest_0_2_na_na_pr&fm=SEARCH&iid=55c9b419-f3d7-4fba-af66-38338fb3888c.WATD9H76ZV3XUURP.SEARCH&ppt=sp&ppn=sp&ssid=uy7fuklqu80000001576860191301&qH=2d6b6aad43dffa91",
      "productName": "Kyris 4.0 Ms Running Shoes For Men  (Black)",
      "price": 2450,
      "description": "Nice Shoes",
      "website": "Flipkart",
      "url" :"https://rukminim1.flixcart.com/image/800/960/k3xcdjk0pkrrdj/shoe/x/y/z/7-kyris-4-0-ms-adidas-shofhwpbh6rgxckt-original-imafgnnnhzndhagh.jpeg?q=50",
      "keyWord" :"shoes"
    },
    {
      "webUrl": "https://www.myntra.com/casual-shoes/hrx-by-hrithik-roshan/hrx-by-hrithik-roshan-men-street-run-navy-blue-sneakers/2446462/buy",
      "productName": "HRX Shoes by Hrithik Roshan",
      "price": 3399,
      "description": "Nice Shoes",
      "website": "Myntra",
      "url" :"https://assets.myntassets.com/h_1440,q_100,w_1080/v1/assets/images/2446462/2019/10/23/c508b452-883c-45a0-9a58-539a35712bcc1571810280269-HRX-by-Hrithik-Roshan-Men-Street-Run-Navy-Blue-Sneakers-1815-2.jpg",
      "keyWord" :"shoes"
    },
    {
      "url": "https://images-na.ssl-images-amazon.com/images/I/B1fTsJX3pbS._UL1500_.jpg",
      "productName": "Van Heusen Men's Wrinkle Free Non Iron Long Sleeve Shirt",
      "price": 4519,
      "description": "Nice Product",
      "website": "Amazon",
      "webUrl" :"https://www.amazon.in/Van-Heusen-Wrinkle-Sleeve-Estate/dp/B076B4SNCV/ref=sr_1_41?dchild=1&keywords=shirts&qid=1576861164&sr=8-41",
      "keyWord" :"bag"
    },
    {
      "url": "https://rukminim1.flixcart.com/image/800/960/j9pyaa80/watch/u/r/p/ng1474sm01-fastrack-original-imaezgbtpdyvrcz2.jpeg?q=50",
      "productName": "NG1474SM01 Party Analog Watch - For Men",
      "price": 3399,
      "description": "Nice Classic Watch",
      "website": "Flipkart",
      "webUrl":"https://www.flipkart.com/fastrack-ng1474sm01-party-analog-watch-men/p/itmf3zhmh8zffgce?pid=WATD9H76ZV3XUURP&lid=LSTWATD9H76ZV3XUURP0XRY9W&marketplace=FLIPKART&srno=s_1_3&otracker=AS_QueryStore_OrganicAutoSuggest_0_2_na_na_pr&otracker1=AS_QueryStore_OrganicAutoSuggest_0_2_na_na_pr&fm=SEARCH&iid=55c9b419-f3d7-4fba-af66-38338fb3888c.WATD9H76ZV3XUURP.SEARCH&ppt=sp&ppn=sp&ssid=uy7fuklqu80000001576860191301&qH=2d6b6aad43dffa91",
      "keyWord" :"watch"
    },
    {
      "url": "https://assets.myntassets.com/h_1440,q_100,w_1080/v1/assets/images/9177519/2019/6/15/a926aa64-112e-4af4-a238-b03ea44e34631560578154493-Armani-Exchange-Men-White-Analogue-Watch-AX2098_OR-791156057-1.jpg",
      "productName": "Men Black Analogue Watch AX2098_OR",
      "price": 8397,
      "description": "Nice Watch",
      "website": "Myntra",
      "webUrl" :"https://www.myntra.com/watches/armani-exchange/armani-exchange-men-black-analogue-watch-ax2098or/9177519/buy",
      "keyWord" :"watch"
    }
  ]

